x_m,r_m
-0.127,0.06299199999999999
-0.1251077762,0.0620898936
-0.1232362788,0.061212603
-0.1213854824,0.0603601282
-0.11955470119999999,0.0595317326
-0.1177434018,0.058726705
-0.11595107619999999,0.0579444104
-0.11417741959999998,0.0571842392
-0.11242192399999999,0.056445480199999995
-0.1106842084,0.055727574599999996
-0.10896384099999999,0.0550298366
-0.10726044079999998,0.054351732800000004
-0.1055736268,0.05369267899999999
-0.1039029672,0.0530521672
-0.10224813179999999,0.052429664
-0.1006087142,0.0518247122
-0.09898428259999999,0.051236803799999994
-0.097374583,0.050665583199999996
-0.0957791328,0.0501105424
-0.0941976272,0.0495713766
-0.092629736,0.0490476794
-0.091075002,0.04853909519999999
-0.0895331966,0.0480452938
-0.08800388799999999,0.0475659704
-0.0864867968,0.0471008202
-0.0849814912,0.046649513
-0.08348771719999999,0.046211845599999996
-0.08200511919999999,0.0457875132
-0.080533367,0.0453762872
-0.0790721558,0.044977939
-0.07762113,0.04459224
-0.0761799848,0.044218961599999995
-0.0747484408,0.0438579514
-0.073326117,0.04350895539999999
-0.07191278479999999,0.043171846599999994
-0.070508114,0.04284642179999999
-0.0691117998,0.0425325286
-0.0677235374,0.04223004
-0.0663430474,0.0419387528
-0.064970025,0.0416585908
-0.06360421620000001,0.041389350799999995
-0.0622452908,0.041130981999999996
-0.060893020199999995,0.0408833066
-0.0595470742,0.0406462738
-0.0582072242,0.040419756599999995
-0.05687314,0.040203628
-0.0555446184,0.0399978372
-0.0542213038,0.039802257199999996
-0.052902992999999995,0.039616862600000004
-0.051589432000000005,0.039441551799999995
-0.0502802906,0.039276274
-0.0489753402,0.0391209276
-0.0476743522,0.0389754872
-0.046377021799999994,0.038839902
-0.045083120399999996,0.038714095799999994
-0.0437923432,0.0385980686
-0.042504487,0.0384917696
-0.0412192724,0.0383951734
-0.0399364708,0.0383082546
-0.0386557774,0.0382309624
-0.037376989,0.0381633222
-0.036099826200000004,0.0381053086
-0.0348240604,0.038056896199999996
-0.033549437599999996,0.0380181104
-0.0322756784,0.037988951199999996
-0.031002554199999997,0.0379694186
-0.029729811000000002,0.037959538
-0.028457220199999998,0.037959334799999994
-0.027184477,0.037968809
-0.025911378199999998,0.037987985999999994
-0.0246376444,0.038016942
-0.023363046999999998,0.0380557024
-0.022087332,0.0381042926
-0.02081022,0.0381627888
-0.019531482399999998,0.0382312164
-0.0182508652,0.03830967699999999
-0.016968089000000002,0.0383982214
-0.0156828998,0.0384969258
-0.014395043599999999,0.0386058664
-0.0131042664,0.0387251448
-0.011810288799999999,0.0388548626
-0.0105128822,0.0389950706
-0.0092117418,0.0391459466
-0.0079066136,0.0393075668
-0.0065972436,0.039480058199999994
-0.005283327,0.039663573199999996
-0.0039646352,0.039858238799999994
-0.002640838,0.040064182
-0.0013116814,0.0402815806
2.2224999999999998e-05,0.04051046
0.0013612114,0.0407509726
0.0027063954,0.0410034232
0.004058056399999999,0.041268015
0.0054164992,0.0415449766
0.0067820032,0.041834511199999994
0.0081548732,0.042136847399999997
0.009535414,0.0424522392
0.0109239304,0.0427809406
0.012320752599999998,0.0431232056
0.013726134599999999,0.043479339
0.015140457399999998,0.0438496202
0.016563974999999998,0.044234379399999996
0.0179970684,0.0446339468
0.019440017,0.045048678
0.0208931764,0.045478954
0.022356876799999998,0.0459251558
0.0238314484,0.0463876644
0.0253172214,0.046866987799999996
0.026814551399999997,0.047363507
0.028323794,0.0478777808
0.0298452286,0.048410241
0.031379287,0.0489614972
0.032926274,0.0495321082
0.0344865706,0.050122658199999996
0.036060507,0.05073380759999999
0.037648438799999996,0.051366242199999995
0.039250721599999996,0.0520206732
0.040867711,0.0526978626
0.0424997626,0.053398623199999995
0.044147232,0.0541238186
0.0458103478,0.054874337800000006
0.047489490999999995,0.055651146000000005
0.049185068,0.056455335399999994
0.050897358200000006,0.057287998199999995
0.052626666399999994,0.05815030279999999
0.054373272,0.0590435192
0.0561374798,0.0599689682
0.057919493,0.060928122999999994
0.0597195148,0.0619224822
0.06153779919999999,0.0629537476
0.063374397,0.06402362099999999
0.0652294606,0.0651340582
0.0671030154,0.0662870404
0.0689949852,0.067484752
0.07090529379999999,0.06872955519999999
0.072833738,0.07002399
0.0747800384,0.07137072339999999
0.07674373779999999,0.0727727272
0.078724252,0.07423310019999999
0.0807208698,0.0757552206
0.082732626,0.07734274599999999
0.0847583522,0.0789995372
0.086796626,0.0807297852
0.0888457456,0.0825379858
0.0909037298,0.0844289396
0.0929680386,0.08640770119999999
0.0950359034,0.0884797062
0.097103946,0.09065064419999999
0.0991684326,0.0929265604
0.1012248674,0.09531365239999999
0.1032683736,0.09781844799999999
0.1052933124,0.1004475512
0.10729356239999999,0.1032076676
0.10926239260000001,0.1061054266
0.111192564,0.109147483
0.1130764566,0.112340136
0.1149062726,0.11568943079999999
0.1166740618,0.11920090459999999
0.11837212799999998,0.12287958660000001
0.11999318140000001,0.126729871
0.12153069419999998,0.1307556694
0.12297905299999999,0.1349603346
0.12433396519999998,0.1393467876
0.1255923574,0.1439175176
0.1267527056,0.1486749376
0.1278150098,0.1536214352
0.1287807686,0.15875952499999998
0.1296528014,0.1640920518
0.1304350706,0.1696221906
0.13113235139999999,0.1753534466
0.131750054,0.181290214
0.1322932838,0.1874373442
0.1327661556,0.193800222
0.1331696092,0.20038486719999998
0.13349747239999998,0.207198214
0.1337243198,0.21424770459999998
0.13376277539999998,0.2215408066
0.13376277539999998,0.22907652939999998
0.13376277539999998,0.2368535014
0.13376277539999998,0.2449234116
0.13376277539999998,0.25394208799999995
0.13376277539999998,0.26178469359999995
0.1337557142,0.2629234518
0.1337488816,0.26406221
0.13374243,0.26520096819999994
0.1337367658,0.2663397264
0.1337324986,0.26747851
0.1337305428,0.2686172682
0.13373229539999998,0.2697560518
0.1337396106,0.27089481
0.1337549014,0.272033492
0.1337809872,0.2731719454
0.1338209922,0.2743100178
0.13387837079999998,0.2754473536
0.1339568314,0.276583394
0.1340603618,0.27771742779999997
0.1341933562,0.27884838819999996
0.1343603866,0.2799747766
0.1345661266,0.28109476419999996
0.13481479259999998,0.2822059888
0.1351101692,0.2833056818
0.1354553298,0.2843907952
0.1358526874,0.28545787459999994
0.13630389299999998,0.2865033132
0.1368099118,0.2875233264
0.1373707692,0.28851425659999996
0.137985627,0.28947259859999996
0.1386528088,0.290395279
0.1393699778,0.29127968159999995
0.14013423839999997,0.292123749
0.1409422886,0.2929259826
0.14179067399999998,0.29368541719999997
0.1426759402,0.29440157019999996
0.1435946582,0.29507426379999996
0.1445436784,0.2957035234
0.1455201052,0.296289349
0.1465213478,0.29683168979999996
0.1475450186,0.2973303934
0.1485888316,0.2977854598
0.1496505008,0.29819711759999995
0.1507278164,0.2985660018
0.1518185178,0.2988931538
0.1529204968,0.2991800976
0.1540317214,0.299428789
0.1551503628,0.2996418188
0.1562747192,0.2998222858
0.1574033428,0.2999738222
0.1585350398,0.3001004412
0.1596688704,0.300206283
0.1608041742,0.30029518299999997
0.16194044319999998,0.3003705448
0.1630773726,0.300435391
0.1642147084,0.30049249019999996
0.1653522982,0.3005445348
0.166490015,0.30059383619999996
0.16762775719999998,0.300642401
0.168765474,0.3006914992
0.16990313999999998,0.3007416896
0.17104078059999997,0.3007928706
0.1721783958,0.30084433099999996
0.17331603639999998,0.3008950802
0.1744537532,0.3009439498
0.175591597,0.30099007619999996
0.1767295678,0.30103315459999996
0.17786764019999998,0.3010734136
0.17900578879999998,0.301111285
0.1801439882,0.301147226
0.18128226379999998,0.3011813382
0.18242059019999998,0.3012135454
0.1835589674,0.3012436952
0.1846973954,0.3012717114
0.18583587419999997,0.3012976194
0.1869744038,0.3013214954
0.1881129842,0.3013433902
0.18925159,0.3013633038
0.1903902212,0.301381287
0.1915288778,0.3013973906
0.1926675852,0.3014116146
0.1938062926,0.301424086
0.1949450254,0.3014348556
0.1960837582,0.3014439234
0.1972225164,0.3014513148
0.1983612746,0.3014570298
0.1995000328,0.301461043
0.2006388164,0.30146332899999995
0.2017776,0.30146381159999996
0.2029130816,0.30146244
0.20404856319999998,0.30146244
0.2051840194,0.30146244
0.20631950099999996,0.30146244
0.2074549826,0.30146244
0.2085904642,0.30146244
0.20972594579999998,0.30146244
0.21086140199999998,0.30146244
0.21199688360000002,0.30146244
0.21313236519999998,0.30146244
0.21426784679999997,0.30146244
0.2154033284,0.30146244
0.21653881,0.30146244
0.2176742662,0.30146244
0.21880974779999998,0.30146244
0.2199452294,0.30146244
0.22108071099999999,0.30146244
0.22221619259999997,0.30146244
0.2233516488,0.30146244
0.22448713039999996,0.30146244
0.225622612,0.30146244
0.2267580936,0.30146244
0.22789357519999998,0.30146244
0.22902903139999997,0.30146244
0.23016451300000002,0.30146244
0.23129999459999998,0.30146244
0.23243547619999996,0.30146244
0.2335709578,0.30146244
0.234706414,0.30146244
0.2358418956,0.30146244
0.23697737719999998,0.30146244
0.23811285880000002,0.30146244
0.23924834039999998,0.30146244
0.24038382199999997,0.30146244
0.2415192782,0.30146244
0.2426547598,0.30146244
0.2437902414,0.30146244
0.24492572299999998,0.30146244
0.2460612046,0.30146244
0.24719666079999997,0.30146244
0.2483321424,0.30146244
0.249467624,0.30146244
0.2506031056,0.30146244
0.2517385872,0.30146244
0.2528740434,0.30146244
0.254009525,0.30146244
0.2551450066,0.30146244
0.2562804882,0.30146244
0.2574159698,0.30146244
0.258551426,0.30146244
0.25968690759999996,0.30146244
0.2608223892,0.30146244
0.2619578708,0.30146244
0.2630933524,0.30146244
0.264228834,0.30146244
0.26536429019999996,0.30146244
0.2664997718,0.30146244
0.2676352534,0.30146244
0.268770735,0.30146244
0.26990621659999997,0.30146244
0.2710416728,0.30146244
0.2721771544,0.30146244
0.273312636,0.30146244
0.2744481176,0.30146244
0.2755835992,0.30146244
0.27671905539999997,0.30146244
0.27785453699999996,0.30146244
0.2789900186,0.30146244
0.2801255002,0.30146244
0.2812609818,0.30146244
0.28239643799999997,0.30146244
0.2835319196,0.30146244
0.2846674012,0.30146244
0.2858028828,0.30146244
0.28693836440000003,0.30146244
0.288073846,0.30146244
0.2892093022,0.30146244
0.2903447838,0.30146244
0.2914802654,0.30146244
0.292615747,0.30146244
0.29375122859999997,0.30146244
0.29488668479999997,0.30146244
0.29602216639999995,0.30146244
0.297157648,0.30146244
